Designator,Footprint,Quantity,Value,LCSC Part #
"C1, C10, C15, C26, C4",0603,5,1uF,
"C11, C16, C2, C20, C3",0603,5,10uF,
"C12, C13",0603,2,2.2uF,
"C14, C17, C18, C28, C9",0603,5,0.1uF,
"C19, C21",0603,2,2.2nF,
"C22, C23",0603,2,1n,
"C24, C5, C6",0603,3,100n,
C25,CP_Radial_D10.0mm_P5.00mm,1,470uF 35V,
C27,0603,1,0.33uF,
C29,CP_Radial_D10.0mm_P5.00mm,1,180uF 35V,
"C7, C8",0603,2,18p,
"D1, D2, D3, D4, D5, D6, D7, D8",0805,8,LED,
D10,D_DO-201AD_P15.24mm_Horizontal,1,1N5820,
D9,D_SOD-323F,1,1N914,
"H1, H2, H3, H4",MountingHole_3.2mm_M3,4,MountingHole,
J1,PinHeader_1x01_P2.54mm_Vertical,1,GPIO_22,
J10,Jack_3.5mm_QingPu_WQP-PJ366ST_Vertical_Labelled,1,MIDI_In,
J11,Jack_3.5mm_QingPu_WQP-PJ366ST_Vertical_Labelled,1,MIDI_Out,
J12,Jack_3.5mm_QingPu_WQP-PJ398SM_Vertical_Labelled,1,Sync_Input,
J13,Jack_3.5mm_QingPu_WQP-PJ398SM_Vertical_Labelled,1,Gate_Out,
J14,Jack_3.5mm_QingPu_WQP-PJ398SM_Vertical_Labelled,1,Sync_Out,
J15,PinHeader_2x05_P2.54mm_Vertical,1,Eurorack_Power,
J16,PinHeader_2x08_P2.54mm_Vertical,1,Power_Breakout,
J17,BarrelJack_Horizontal,1,9V_Power_Input,
J2,PinHeader_1x01_P2.54mm_Vertical,1,GPIO_28,
J3,microSD_HC_Molex_47219-2001,1,Micro_SD_Card,
J4,Jack_3.5mm_QingPu_WQP-PJ398SM_Vertical_Labelled,1,Euro_Out_1,
J5,Jack_3.5mm_QingPu_WQP-PJ398SM_Vertical_Labelled,1,Euro_Out_2,
J6,Jack_3.5mm_QingPu_WQP-PJ366ST_Vertical_Labelled,1,Line_Out,
J7,Jack_3.5mm_QingPu_WQP-PJ398SM_Vertical_Labelled,1,CV_In_1,
J8,Jack_3.5mm_QingPu_WQP-PJ398SM_Vertical_Labelled,1,CV_In_2,
J9,PinHeader_1x08_P2.54mm_Vertical,1,Conn_01x08_Pin,
JP1,PinHeader_1x03_P2.54mm_Vertical,1,5V_Jumper,
L1,L_Radial_D8.7mm_P5.00mm_Fastron_07HCP,1,68uH/2A,
Q1,SOT-23,1,MMBT3904,
"R1, R2, R3, R4, R5, R6, R7, R8",0603,8,200R,
"R10, R11, R12, R13, R14, R15, R16, R41, R9",0603,9,10k,
"R17, R18, R21, R22",0603,4,39k,
"R19, R20",0603,2,5.6k,
"R23, R24, R46, R47",0603,4,1k,
"R25, R26, R27",0603,3,56R,
"R28, R29, R37",0603,3,470R,
"R30, R32",0603,2,240k,
"R31, R33, R40",0603,3,100k,
"R34, R35",0603,2,33k,
R36,0603,1,220R,
R38,0603,1,33R,
R39,0603,1,10R,
"R42, R43, R44, R45",R_Axial_DIN0207_L6.3mm_D2.5mm_P7.62mm_Horizontal,4,100k,
"RV1, RV2, RV3, RV4, RV5, RV6, RV7, RV8",Potentiometer_Alps_RK09K_vertical_biggerholes,8,10k,
SW1,SW_PUSH_6mm,1,Tap_Tempo_Button,
"SW2, SW3, SW4, SW5, SW6, SW7, SW8, SW9",SW_PUSH_6mm,8,SW_Push,
U1,RPi_Pico_SMD_TH,1,Pico,
U10,TSOP-6_1.65x3.05mm_P0.95mm,1,H11L1,
"U11, U5",SOIC-8_3.9x4.9mm_P1.27mm,2,TL072,
U12,SOIC-8_3.9x4.9mm_P1.27mm,1,XL1509-5.0,
U13,TO-252-2,1,L7805,
U2,SOIC-16_3.9x9.9mm_P1.27mm,1,74HC595,
U3,SOIC-16_3.9x9.9mm_P1.27mm,1,74HC165,
U4,SOT-223-3_TabPin2,1,AP7333-33SRG,
U6,TSSOP-20_4.4x6.5mm_P0.65mm,1,PCM5102,
"U7, U9",SOIC-16_3.9x9.9mm_P1.27mm,2,74HC4051,
U8,SOIC-8_3.9x4.9mm_P1.27mm,1,MCP6002-xSN,
